{
  "version": "1.0",
  "base_url": "https://raw.githubusercontent.com/LatticeVeil/LatticeVeil/main/Assets/",
  "files": [
    {
      "path": "textures/blocks/stone.png",
      "size": 1024,
      "sha256": "e3b0c44298fc1c149afbf4c8996fb92427ae41e4649b934ca495991b7852b855"
    },
    {
      "path": "textures/blocks/grass.png",
      "size": 1024,
      "sha256": "e3b0c44298fc1c149afbf4c8996fb92427ae41e4649b934ca495991b7852b855"
    },
    {
      "path": "textures/blocks/dirt.png",
      "size": 1024,
      "sha256": "e3b0c44298fc1c149afbf4c8996fb92427ae41e4649b934ca495991b7852b855"
    },
    {
      "path": "textures/blocks/gravestone.png",
      "size": 2048,
      "sha256": "e3b0c44298fc1c149afbf4c8996fb92427ae41e4649b934ca495991b7852b855"
    }
  ]
}
